<?xml version="1.0" encoding="ISO-8859-1" standalone="no"?>
<data nextId="5">
    <watchlist id="1">
        <title>Opcoes</title>
        <style>0</style>
        <aggressorCalcMode>0</aggressorCalcMode>
        <columns>
            <column id="watchlist.code"/>
            <column id="watchlist.lastPrice"/>
            <column id="watchlist.changePercent"/>
            <column id="watchlist.strikePrice"/>
            <column id="watchlist.state"/>
            <column id="watchlist.bidSize"/>
            <column id="watchlist.bidPrice"/>
            <column id="watchlist.askPrice"/>
            <column id="watchlist.askSize"/>
        </columns>
        <items>
            <security id="100917"/>
            <security id="21201"/>
            <spacer id="2">
                <backgroundMode>STRIPED</backgroundMode>
            </spacer>
            <security id="178703"/>
            <security id="207679"/>
            <security id="171839"/>
            <security id="209531"/>
            <security id="207821"/>
            <security id="132244"/>
            <security id="207801"/>
            <spacer id="3">
                <backgroundMode>STRIPED</backgroundMode>
            </spacer>
        </items>
    </watchlist>
    <watchlist id="2">
        <title>Bovespa</title>
        <style>0</style>
        <aggressorCalcMode>0</aggressorCalcMode>
        <columns>
            <column id="watchlist.code"/>
            <column id="watchlist.description"/>
            <column id="watchlist.changePoint"/>
            <column id="watchlist.changePercent"/>
            <column id="watchlist.lastPrice"/>
            <column id="watchlist.volume"/>
            <column id="watchlist.thirtyDaysChanging"/>
            <column id="watchlist.twelveMonthsChanging"/>
        </columns>
        <items>
            <security id="11597"/>
            <security id="66970"/>
            <security id="17401"/>
            <security id="19997"/>
            <security id="24977"/>
            <security id="24075"/>
            <security id="186192"/>
            <security id="26572"/>
            <security id="26960"/>
            <security id="1753"/>
            <security id="18570"/>
            <security id="10844"/>
            <security id="23024"/>
            <security id="21201"/>
            <security id="20821"/>
            <security id="7987"/>
        </items>
    </watchlist>
    <watchlist id="4">
        <title>FIIs</title>
        <style>0</style>
        <aggressorCalcMode>0</aggressorCalcMode>
        <columns>
            <column id="watchlist.code"/>
            <column id="watchlist.description"/>
            <column id="watchlist.changePoint"/>
            <column id="watchlist.changePercent"/>
            <column id="watchlist.lastPrice"/>
            <column id="watchlist.volume"/>
            <column id="watchlist.thirtyDaysChanging"/>
            <column id="watchlist.twelveMonthsChanging"/>
        </columns>
        <items>
            <security id="65589"/>
            <security id="22898"/>
            <security id="75348"/>
            <security id="144086"/>
        </items>
    </watchlist>
</data>
