<?xml version="1.0" encoding="ISO-8859-1" standalone="no"?>
<data nextId="4">
    <watchlist id="1">
        <title>Opcoes</title>
        <style>0</style>
        <aggressorCalcMode>0</aggressorCalcMode>
        <columns>
            <column id="watchlist.code"/>
            <column id="watchlist.bidSize"/>
            <column id="watchlist.bidPrice"/>
            <column id="watchlist.askPrice"/>
            <column id="watchlist.askSize"/>
            <column id="watchlist.state"/>
            <column id="watchlist.strikePrice"/>
            <column id="watchlist.changePercent"/>
            <column id="watchlist.highPrice"/>
            <column id="watchlist.lowPrice"/>
        </columns>
        <items>
            <security id="100917"/>
            <security id="21201"/>
            <spacer id="2">
                <backgroundMode>STRIPED</backgroundMode>
            </spacer>
            <security id="178703"/>
            <security id="207679"/>
            <security id="171839"/>
            <security id="209531"/>
            <security id="207821"/>
            <security id="132244"/>
            <spacer id="3">
                <backgroundMode>STRIPED</backgroundMode>
            </spacer>
            <security id="180422"/>
            <security id="233835"/>
            <security id="233779"/>
            <security id="130988"/>
            <security id="233838"/>
            <security id="131065"/>
            <security id="180426"/>
            <security id="131060"/>
            <security id="178278"/>
            <spacer id="4">
                <backgroundMode>STRIPED</backgroundMode>
            </spacer>
            <security id="189530"/>
            <security id="223038"/>
            <spacer id="5">
                <backgroundMode>STRIPED</backgroundMode>
            </spacer>
            <security id="233138"/>
            <security id="202897"/>
            <spacer id="6">
                <backgroundMode>STRIPED</backgroundMode>
            </spacer>
        </items>
    </watchlist>
    <watchlist id="2">
        <title>Acoes</title>
        <style>0</style>
        <aggressorCalcMode>0</aggressorCalcMode>
        <columns>
            <column id="watchlist.code"/>
            <column id="watchlist.lastPrice"/>
            <column id="watchlist.change"/>
        </columns>
        <items>
            <security id="65589"/>
            <security id="22898"/>
            <security id="75348"/>
            <security id="144086"/>
            <spacer id="2">
                <backgroundMode>STRIPED</backgroundMode>
            </spacer>
            <security id="66970"/>
            <security id="26960"/>
            <security id="21201"/>
            <security id="19996"/>
            <security id="19997"/>
            <security id="11597"/>
            <security id="17401"/>
            <security id="27954"/>
            <security id="69241"/>
            <security id="20821"/>
            <security id="816"/>
            <security id="24977"/>
        </items>
    </watchlist>
</data>
