<?xml version="1.0" encoding="UTF-8"?>
<workbench version="2.0">
<window height="788" maximized="true" width="1325" x="43" y="0">
<fastViewData fastViewLocation="1024"/>
<perspectiveBar/>
<coolbarLayout>
<coolItem id="stQuote.smallToolbar.quote" itemType="typeToolBarContribution" x="199" y="22"/>
<coolItem id="stQuote.smallToolbar.charts" itemType="typeToolBarContribution" x="38" y="22"/>
<coolItem id="stQuote.smallToolbar.trading" itemType="typeToolBarContribution" x="215" y="22"/>
<coolItem id="stQuote.smallToolbar.account" itemType="typeToolBarContribution" x="114" y="22"/>
<coolItem id="stQuote.smallToolbar.news" itemType="typeToolBarContribution" x="38" y="22"/>
<coolItem id="stQuote.smallToolbar.others" itemType="typeToolBarContribution" x="130" y="22"/>
<coolItem id="stQuote.smallToolbar.fixedIncome" itemType="typeToolBarContribution" x="-1" y="-1"/>
<coolItem id="stQuote.largeToolbarText" itemType="typeToolBarContribution" x="-1" y="-1"/>
<coolItem id="stQuote.largeToolbar" itemType="typeToolBarContribution" x="-1" y="-1"/>
<coolItem id="stQuote.mainMenu" itemType="typeToolBarContribution" x="572" y="23"/>
<coolItem id="net.sourceforge.eclipsetrader.charts.toolbar" itemType="typeToolBarContribution" x="-1" y="-1"/>
<coolItem id="net.sourceforge.eclipsetrader.core.save.toolbar" itemType="typeToolBarContribution" x="-1" y="-1"/>
<coolItem id="net.sourceforge.eclipsetrader.core.toolbar.security" itemType="typeToolBarContribution" x="-1" y="-1"/>
<coolItem id="net.sourceforge.eclipsetrader.news.toolbar" itemType="typeToolBarContribution" x="-1" y="-1"/>
<coolItem id="net.sourceforge.eclipsetrader.trading.tradingSystem.toolbar" itemType="typeToolBarContribution" x="-1" y="-1"/>
<coolItem id="net.sourceforge.eclipsetrader.trading.feed.toolbar" itemType="typeToolBarContribution" x="-1" y="-1"/>
<coolItem id="stDDE.toolbar" itemType="typeToolBarContribution" x="-1" y="-1"/>
<coolItem id="net.sourceforge.eclipsetrader.trading.toolbar" itemType="typeToolBarContribution" x="-1" y="-1"/>
<coolItem id="stQuote.orders.toolbar" itemType="typeToolBarContribution" x="-1" y="-1"/>
<coolItem id="stQuote.others.toolbar" itemType="typeToolBarContribution" x="-1" y="-1"/>
<coolItem id="stQuote.help.toolbar" itemType="typeToolBarContribution" x="-1" y="-1"/>
<coolItem id="stQuote.account.tooltip" itemType="typeToolBarContribution" x="-1" y="-1"/>
<coolItem id="stTrading.tesouroDireto.toolbar" itemType="typeToolBarContribution" x="-1" y="-1"/>
<coolItem id="stWarning.toolbar" itemType="typeToolBarContribution" x="-1" y="-1"/>
<coolItem id="trydOpcoes.toolbar" itemType="typeToolBarContribution" x="-1" y="-1"/>
</coolbarLayout>
<page focus="true" label="&lt;Etiqueta Desconhecida&gt; - Tryd">
<editors>
<editorArea activeWorkbook="DefaultEditorWorkbook">
<info part="DefaultEditorWorkbook">
<folder appearance="1" expanded="2">
<presentation id="net.sourceforge.eclipsetrader.TraderPresentationFactory"/>
</folder>
</info>
</editorArea>
</editors>
<views>
<view id="stQuote.tradeNeg:zpcxzryfnbls" partName="PETRI745 : 24,53 : Negócios">
<viewState CHART_VISIBLE="false" GROUPED_TRADES_USAGE_MODE="0" MAX_SHOWN_TRADES="50" SELECTED_TAB="1" TRADE_USAGE_MODE="0" abbreviateAggressor="false" aggressorBarDataSource="0" aggressorBarSize="1" alerts="" brokerCode="" brokerColumnMode="NAMES" chartAboveTable="true" colorByAggression="true" columns="trade.time;trade.quantity;trade.price;trade.buyer;trade.seller;" columnsWidths="60;70;70;150;150;" followSelSecurity="false" groupedTradesColumns="trade.time;trade.quantity;trade.price;trade.buyer;trade.seller;" groupedTradesColumnsWidths="60;70;70;60;74;" groupedTradesListSashWeights="200;200;" hideTableHeader="false" hideTableLines="true" hideTableScrollbars="true" highlightBrokers="false" highlightDirectTrades="false" highlightLastTrade="true" maxQtty="0" minQtty="0" miniWatchlistColumns="watchlist.lastPrice;watchlist.changePercent;watchlist.lowPrice;watchlist.highPrice;watchlist.volume;" miniWatchlistColumnsWidth="60;60;60;60;60;" playersEvolutionBalanceSide="16384" playersEvolutionHideChartGrid="false" playersEvolutionInterval="4" plotMode="0" quantityHighlight="21000;500000;255,255,0;0,0,0@3700;3700;255,255,0;0,0,0@3900;3900;255,255,0;0,0,0" quoteEvolutionContinuousLine="false" quoteEvolutionLineSize="1" quoteEvolutionScaleNextToBalance="false" security="PETRI745" separateAggressorsGroups="true" showAggressorBar="false" showAggressorBarPercentage="false" showHighlightedItemsCount="false" showMiniWatchlist="false" showQuoteEvolution="false" showTableSelector="false" showTimer="true" stQuote.brokersRankingColumns.buyers.columnsWidths="38;150;70;75;90;60;" stQuote.brokersRankingColumns.buyers.shownColumns="brokersRankingColumn.rankingPosition;brokersRankingColumn.brokerName;brokersRankingColumn.buyQuantity;brokersRankingColumn.buyAveragePrice;brokersRankingColumn.buyVolume;brokersRankingColumn.buyTrades;" stQuote.brokersRankingColumns.buyers.sortColumnDirection="1024" stQuote.brokersRankingColumns.buyers.sortColumnId="brokersRankingColumn.buyVolume" stQuote.brokersRankingColumns.net.columnsWidths="38;150;70;75;" stQuote.brokersRankingColumns.net.shownColumns="brokersRankingColumn.rankingPosition;brokersRankingColumn.brokerName;brokersRankingColumn.quantity;brokersRankingColumn.netAveragePrice;" stQuote.brokersRankingColumns.net.sortColumnDirection="128" stQuote.brokersRankingColumns.net.sortColumnId="" stQuote.brokersRankingColumns.sellers.columnsWidths="38;150;70;75;90;60;" stQuote.brokersRankingColumns.sellers.shownColumns="brokersRankingColumn.rankingPosition;brokersRankingColumn.brokerName;brokersRankingColumn.sellQuantity;brokersRankingColumn.sellAveragePrice;brokersRankingColumn.sellVolume;brokersRankingColumn.sellTrades;" stQuote.brokersRankingColumns.sellers.sortColumnDirection="1024" stQuote.brokersRankingColumns.sellers.sortColumnId="brokersRankingColumn.sellVolume" stQuote.brokersRankingColumns.sum.columnsWidths="38;150;70;90;60;75;" stQuote.brokersRankingColumns.sum.shownColumns="brokersRankingColumn.rankingPosition;brokersRankingColumn.brokerName;brokersRankingColumn.sumQuantity;brokersRankingColumn.sumVolume;brokersRankingColumn.sumTrades;brokersRankingColumn.sumAveragePrice;" stQuote.brokersRankingColumns.sum.sortColumnDirection="1024" stQuote.brokersRankingColumns.sum.sortColumnId="brokersRankingColumn.sumTrades" timeFrame="7" tradesGroupingInterval="20" tradesGroupingMASettings="" tradesGroupingType="0" tradesListSashWeights="200;200;" tradesOrdering="BOTTOM"/>
</view>
<view id="stQuote.portfolioView" partName="Portfólio Intraday">
<viewState/>
</view>
<view id="net.sourceforge.eclipsetrader.trading.level2:cxlgyobbqtlr" partName="PETRJ239 : 24,03 : Ofertas">
<viewState brokerShowingType="2" colorType="2" columnsWidth.ANALITIC="" columnsWidth.DEPTH="" columnsWidth.GROUPED_BY_PRICE="" columnsWidth.GROUPED_WITH_AVERAGE_PRICE="" followSelection="false" hideTableHeader="true" hideTableLines="true" hideTableScrollbars="false" highlightBrokers="FALSE" invisibleColumns_ANALITIC="" invisibleColumns_DEPTH="" invisibleColumns_GROUPED_BY_PRICE="" invisibleColumns_GROUPED_WITH_AVERAGE_PRICE="" level2Mode="0" maxQtty="0" minQtty="0" miniWatchlistColumns="watchlist.strikePrice;watchlist.bidSize;watchlist.askSize;" miniWatchlistColumnsWidth="60;115;131;" quantityHighlight="3700;3700;255,255,0;0,0,0@3900;3900;255,255,0;0,0,0" securityCode="PETRJ239" securityDetailsMode="2" showAbbreviatedQuantities="TRUE" showHighlightedItemsCount="true" showLeadCommands="false" showMiniOrderForm="true" showTrades="false" showTrendbar="false" showTrendbarPercentage="false" trendbarDrawMode="1" trendbarHeight="1" trendbarPriceLevels="5" trendbarSource="1" visibleOffersCount="1"/>
</view>
<view id="stQuote.abstractOrders" partName="Resumo de Ordens">
<viewState/>
</view>
<view id="stQuote.tradeNeg:yhvmzgzfddpf" partName="PETRI250 : 25,03 : Negócios">
<viewState CHART_VISIBLE="false" GROUPED_TRADES_USAGE_MODE="0" MAX_SHOWN_TRADES="50" SELECTED_TAB="1" TRADE_USAGE_MODE="0" abbreviateAggressor="false" aggressorBarDataSource="0" aggressorBarSize="1" alerts="" brokerCode="" brokerColumnMode="NAMES" chartAboveTable="true" colorByAggression="true" columns="trade.time;trade.quantity;trade.price;trade.buyer;trade.seller;" columnsWidths="60;70;70;150;150;" followSelSecurity="false" groupedTradesColumns="trade.time;trade.quantity;trade.price;trade.buyer;trade.seller;" groupedTradesColumnsWidths="60;70;65;60;74;" groupedTradesListSashWeights="500;500;" hideTableHeader="false" hideTableLines="true" hideTableScrollbars="true" highlightBrokers="false" highlightDirectTrades="false" highlightLastTrade="true" maxQtty="0" minQtty="0" miniWatchlistColumns="watchlist.lastPrice;watchlist.changePercent;watchlist.lowPrice;watchlist.highPrice;watchlist.volume;" miniWatchlistColumnsWidth="60;60;60;60;60;" playersEvolutionBalanceSide="16384" playersEvolutionHideChartGrid="false" playersEvolutionInterval="4" plotMode="0" quantityHighlight="21000;500000;255,255,0;0,0,0@3700;3700;255,255,0;0,0,0@3900;3900;255,255,0;0,0,0" quoteEvolutionContinuousLine="false" quoteEvolutionLineSize="1" quoteEvolutionScaleNextToBalance="false" security="PETRI250" separateAggressorsGroups="true" showAggressorBar="false" showAggressorBarPercentage="false" showHighlightedItemsCount="false" showMiniWatchlist="false" showQuoteEvolution="false" showTableSelector="false" showTimer="true" stQuote.brokersRankingColumns.buyers.columnsWidths="38;150;70;75;90;60;" stQuote.brokersRankingColumns.buyers.shownColumns="brokersRankingColumn.rankingPosition;brokersRankingColumn.brokerName;brokersRankingColumn.buyQuantity;brokersRankingColumn.buyAveragePrice;brokersRankingColumn.buyVolume;brokersRankingColumn.buyTrades;" stQuote.brokersRankingColumns.buyers.sortColumnDirection="1024" stQuote.brokersRankingColumns.buyers.sortColumnId="brokersRankingColumn.buyVolume" stQuote.brokersRankingColumns.net.columnsWidths="38;150;70;75;" stQuote.brokersRankingColumns.net.shownColumns="brokersRankingColumn.rankingPosition;brokersRankingColumn.brokerName;brokersRankingColumn.quantity;brokersRankingColumn.netAveragePrice;" stQuote.brokersRankingColumns.net.sortColumnDirection="128" stQuote.brokersRankingColumns.net.sortColumnId="" stQuote.brokersRankingColumns.sellers.columnsWidths="38;150;70;75;90;60;" stQuote.brokersRankingColumns.sellers.shownColumns="brokersRankingColumn.rankingPosition;brokersRankingColumn.brokerName;brokersRankingColumn.sellQuantity;brokersRankingColumn.sellAveragePrice;brokersRankingColumn.sellVolume;brokersRankingColumn.sellTrades;" stQuote.brokersRankingColumns.sellers.sortColumnDirection="1024" stQuote.brokersRankingColumns.sellers.sortColumnId="brokersRankingColumn.sellVolume" stQuote.brokersRankingColumns.sum.columnsWidths="38;150;70;90;60;75;" stQuote.brokersRankingColumns.sum.shownColumns="brokersRankingColumn.rankingPosition;brokersRankingColumn.brokerName;brokersRankingColumn.sumQuantity;brokersRankingColumn.sumVolume;brokersRankingColumn.sumTrades;brokersRankingColumn.sumAveragePrice;" stQuote.brokersRankingColumns.sum.sortColumnDirection="1024" stQuote.brokersRankingColumns.sum.sortColumnId="brokersRankingColumn.sumTrades" timeFrame="7" tradesGroupingInterval="20" tradesGroupingMASettings="" tradesGroupingType="0" tradesListSashWeights="500;500;" tradesOrdering="BOTTOM"/>
</view>
<view id="net.sourceforge.eclipsetrader.trading.level2:ovzohgzgptfk" partName="PETRI260 : 26,03 : Ofertas">
<viewState brokerShowingType="2" colorType="2" columnsWidth.ANALITIC="" columnsWidth.DEPTH="" columnsWidth.GROUPED_BY_PRICE="" columnsWidth.GROUPED_WITH_AVERAGE_PRICE="" followSelection="false" hideTableHeader="true" hideTableLines="true" hideTableScrollbars="false" highlightBrokers="FALSE" invisibleColumns_ANALITIC="" invisibleColumns_DEPTH="" invisibleColumns_GROUPED_BY_PRICE="" invisibleColumns_GROUPED_WITH_AVERAGE_PRICE="" level2Mode="0" maxQtty="0" minQtty="0" miniWatchlistColumns="watchlist.strikePrice;watchlist.bidSize;watchlist.askSize;" miniWatchlistColumnsWidth="62;133;117;" quantityHighlight="3700;3700;255,255,0;0,0,0@3900;3900;255,255,0;0,0,0" securityCode="PETRI260" securityDetailsMode="2" showAbbreviatedQuantities="TRUE" showHighlightedItemsCount="true" showLeadCommands="false" showMiniOrderForm="true" showTrades="false" showTrendbar="false" showTrendbarPercentage="false" trendbarDrawMode="1" trendbarHeight="1" trendbarPriceLevels="5" trendbarSource="1" visibleOffersCount="1"/>
</view>
<view id="net.sourceforge.eclipsetrader.trading.level2:pomnyymaijan" partName="PETRJ263 : 25,53 : Ofertas">
<viewState brokerShowingType="2" colorType="2" columnsWidth.ANALITIC="" columnsWidth.DEPTH="" columnsWidth.GROUPED_BY_PRICE="" columnsWidth.GROUPED_WITH_AVERAGE_PRICE="" followSelection="false" hideTableHeader="true" hideTableLines="true" hideTableScrollbars="false" highlightBrokers="FALSE" invisibleColumns_ANALITIC="" invisibleColumns_DEPTH="" invisibleColumns_GROUPED_BY_PRICE="" invisibleColumns_GROUPED_WITH_AVERAGE_PRICE="" level2Mode="0" maxQtty="0" minQtty="0" miniWatchlistColumns="watchlist.strikePrice;watchlist.bidSize;watchlist.askSize;" miniWatchlistColumnsWidth="60;115;116;" quantityHighlight="3700;3700;255,255,0;0,0,0@3900;3900;255,255,0;0,0,0" securityCode="PETRJ263" securityDetailsMode="2" showAbbreviatedQuantities="TRUE" showHighlightedItemsCount="true" showLeadCommands="false" showMiniOrderForm="true" showTrades="false" showTrendbar="false" showTrendbarPercentage="false" trendbarDrawMode="1" trendbarHeight="1" trendbarPriceLevels="5" trendbarSource="1" visibleOffersCount="1"/>
</view>
<view id="net.sourceforge.eclipsetrader.watchlist:1" partName="Opcoes">
<viewState/>
</view>
<view id="net.sourceforge.eclipsetrader.watchlist:2" partName="Acoes">
<viewState/>
</view>
<view id="stQuote.orders" partName="Consultar Ordens">
<viewState/>
</view>
<view id="net.sourceforge.eclipsetrader.trading.level2:epzgiudywuas" partName="PETRI745 : 24,53 : Ofertas">
<viewState brokerShowingType="2" colorType="2" columnsWidth.ANALITIC="" columnsWidth.DEPTH="" columnsWidth.GROUPED_BY_PRICE="" columnsWidth.GROUPED_WITH_AVERAGE_PRICE="" followSelection="false" hideTableHeader="true" hideTableLines="true" hideTableScrollbars="false" highlightBrokers="FALSE" invisibleColumns_ANALITIC="" invisibleColumns_DEPTH="" invisibleColumns_GROUPED_BY_PRICE="" invisibleColumns_GROUPED_WITH_AVERAGE_PRICE="" level2Mode="0" maxQtty="0" minQtty="0" miniWatchlistColumns="watchlist.strikePrice;watchlist.bidSize;watchlist.askSize;" miniWatchlistColumnsWidth="70;104;124;" quantityHighlight="3700;3700;255,255,0;0,0,0@3900;3900;255,255,0;0,0,0" securityCode="PETRI745" securityDetailsMode="2" showAbbreviatedQuantities="TRUE" showHighlightedItemsCount="true" showLeadCommands="false" showMiniOrderForm="true" showTrades="false" showTrendbar="false" showTrendbarPercentage="false" trendbarDrawMode="1" trendbarHeight="1" trendbarPriceLevels="5" trendbarSource="1" visibleOffersCount="1"/>
</view>
<view id="stQuote.custodyView" partName="Custódia">
<viewState/>
</view>
</views>
<perspectives activePart="stQuote.tradeNeg:yhvmzgzfddpf" activePerspective="stQuote.defaultPerspective">
<perspective editorAreaTrimState="2" editorAreaVisible="0" fixed="0" version="0.016">
<descriptor class="stQuote.ui.Perspective" id="stQuote.defaultPerspective" label="Tryd"/>
<hide_toolbar_item_id id="stQuote.stopOrdersEmptyCommand"/>
<hide_toolbar_item_id id="stQuote.openBrokerRankingCommand"/>
<hide_toolbar_item_id id="stTrading.openPublicBondOrderFormCommand"/>
<hide_toolbar_item_id id="stQuote.openReportsCommand"/>
<hide_toolbar_item_id id="stQuote.spreadOrderCommand"/>
<hide_toolbar_item_id id="stQuote.marketIndicatorsCommand"/>
<hide_toolbar_item_id id="stTrading.openTradePlanSettings"/>
<hide_toolbar_item_id id="stQuote.openMarketTotalsCommand"/>
<hide_toolbar_item_id id="stQuote.openPivotCalculatorCommand"/>
<hide_toolbar_item_id id="stQuote.openProceedsCommand"/>
<hide_toolbar_item_id id="stQuote.currenciesCommand"/>
<hide_toolbar_item_id id="stQuote.integrationsEmptyCommand"/>
<hide_toolbar_item_id id="stQuote.smallToolbar.fixedIncome"/>
<hide_toolbar_item_id id="trydOpcoes.abrirVisaoPrincipalCommand"/>
<hide_toolbar_item_id id="stQuote.fastQuoteCommand"/>
<hide_toolbar_item_id id="stQuote.rentBookCommand"/>
<hide_toolbar_item_id id="stTrading.openFixedIncomeAvailableBonds"/>
<hide_toolbar_item_id id="stTrading.openClubsAndFundsProducts"/>
<hide_toolbar_item_id id="stDDE.activateDde.command"/>
<hide_toolbar_item_id id="stQuote.scheduledOrderCommand"/>
<view id="net.sourceforge.eclipsetrader.trading.level2:ovzohgzgptfk"/>
<view id="net.sourceforge.eclipsetrader.trading.level2:cxlgyobbqtlr"/>
<view id="net.sourceforge.eclipsetrader.watchlist:1"/>
<view id="net.sourceforge.eclipsetrader.watchlist:2"/>
<view id="net.sourceforge.eclipsetrader.trading.level2:pomnyymaijan"/>
<view id="net.sourceforge.eclipsetrader.trading.level2:epzgiudywuas"/>
<view id="stQuote.tradeNeg:yhvmzgzfddpf"/>
<view id="stQuote.orders"/>
<view id="stQuote.custodyView"/>
<view id="stQuote.tradeNeg:zpcxzryfnbls"/>
<view id="stQuote.portfolioView"/>
<view id="stQuote.abstractOrders"/>
<fastViewBars/>
<layout>
<mainWindow>
<info folder="true" part="org.eclipse.ui.internal.ViewStack@144a02b">
<folder activePageID="net.sourceforge.eclipsetrader.watchlist:1" appearance="2" expanded="2">
<page content="net.sourceforge.eclipsetrader.watchlist:1" label="Opcoes"/>
<page content="net.sourceforge.eclipsetrader.watchlist:2" label="Acoes"/>
<page content="stQuote.simpleTrade:getccxnyelul" label="LabelNotFound"/>
<presentation id="net.sourceforge.eclipsetrader.TraderPresentationFactory" pinned="false" tabsVisible="true">
<part id="0"/>
<part id="1"/>
</presentation>
</folder>
</info>
<info folder="true" part="org.eclipse.ui.internal.ViewStack@d421fe" ratio="0.48702744" ratioLeft="657" ratioRight="692" relationship="2" relative="org.eclipse.ui.internal.ViewStack@144a02b">
<folder activePageID="stQuote.tradeNeg:yhvmzgzfddpf" appearance="2" expanded="2">
<page content="stQuote.tradeNeg:yhvmzgzfddpf" label="PETRI250 : 25,03 : Negócios"/>
<page content="stQuote.tradeNeg:mrvvphaypbxk" label="LabelNotFound"/>
<presentation id="net.sourceforge.eclipsetrader.TraderPresentationFactory" pinned="false" tabsVisible="false">
<part id="0"/>
</presentation>
</folder>
</info>
<info folder="true" part="org.eclipse.ui.internal.ViewStack@17bd0b" ratio="0.5" ratioLeft="169" ratioRight="169" relationship="2" relative="org.eclipse.ui.internal.ViewStack@d421fe">
<folder activePageID="stQuote.orders" appearance="2" expanded="2">
<page content="stQuote.orders" label="Consultar Ordens"/>
<page content="stQuote.custodyView" label="Custódia"/>
<presentation id="net.sourceforge.eclipsetrader.TraderPresentationFactory" pinned="false" tabsVisible="true">
<part id="1"/>
<part id="0"/>
</presentation>
</folder>
</info>
<info folder="true" part="org.eclipse.ui.internal.ViewStack@e561cc" ratio="0.47158217" ratioLeft="307" ratioRight="344" relationship="4" relative="org.eclipse.ui.internal.ViewStack@17bd0b">
<folder activePageID="stQuote.abstractOrders" appearance="2" expanded="2">
<page content="stQuote.portfolioView" label="Portfólio Intraday"/>
<page content="stQuote.abstractOrders" label="Resumo de Ordens"/>
<presentation id="net.sourceforge.eclipsetrader.TraderPresentationFactory" pinned="false" tabsVisible="true">
<part id="1"/>
<part id="0"/>
</presentation>
</folder>
</info>
<info folder="true" part="org.eclipse.ui.internal.ViewStack@dafa24" ratio="0.47926268" ratioLeft="312" ratioRight="339" relationship="4" relative="org.eclipse.ui.internal.ViewStack@d421fe">
<folder activePageID="stQuote.tradeNeg:zpcxzryfnbls" appearance="2" expanded="2">
<page content="stQuote.tradeNeg:zpcxzryfnbls" label="PETRI745 : 24,53 : Negócios"/>
<page content="stQuote.tradeNeg:tonpntugbrbd" label="LabelNotFound"/>
<presentation id="net.sourceforge.eclipsetrader.TraderPresentationFactory" pinned="false" tabsVisible="false">
<part id="0"/>
</presentation>
</folder>
</info>
<info folder="true" part="org.eclipse.ui.internal.ViewStack@941ca3" ratio="0.32565284" ratioLeft="212" ratioRight="439" relationship="4" relative="org.eclipse.ui.internal.ViewStack@144a02b">
<folder appearance="2" expanded="2">
<page content="net.sourceforge.eclipsetrader.trading.level2:znpxaklxckvi" label="LabelNotFound"/>
<presentation id="net.sourceforge.eclipsetrader.TraderPresentationFactory" pinned="false" tabsVisible="true"/>
</folder>
</info>
<info folder="true" part="org.eclipse.ui.internal.ViewStack@1a7eca5" ratio="0.32616752" ratioLeft="440" ratioRight="909" relationship="2" relative="org.eclipse.ui.internal.ViewStack@941ca3">
<folder appearance="2" expanded="2">
<page content="net.sourceforge.eclipsetrader.trading.level2:mjbapejebdts" label="LabelNotFound"/>
<page content="net.sourceforge.eclipsetrader.trading.level2:rtsyjzavphvu" label="LabelNotFound"/>
<presentation id="net.sourceforge.eclipsetrader.TraderPresentationFactory" pinned="false" tabsVisible="true"/>
</folder>
</info>
<info folder="true" part="org.eclipse.ui.internal.ViewStack@b112a1" ratio="0.66933066" ratioLeft="670" ratioRight="331" relationship="2" relative="org.eclipse.ui.internal.ViewStack@1a7eca5">
<folder appearance="2" expanded="2">
<page content="net.sourceforge.eclipsetrader.views.chart:13" label="LabelNotFound"/>
<page content="net.sourceforge.eclipsetrader.trading.level2:corrjeybqwlz" label="LabelNotFound"/>
<page content="net.sourceforge.eclipsetrader.trading.level2:xceaoyioeasd" label="LabelNotFound"/>
<presentation id="net.sourceforge.eclipsetrader.TraderPresentationFactory" pinned="false" tabsVisible="true"/>
</folder>
</info>
<info folder="true" part="org.eclipse.ui.internal.ViewStack@c783ca" ratio="0.50230414" ratioLeft="327" ratioRight="324" relationship="4" relative="org.eclipse.ui.internal.ViewStack@b112a1">
<folder appearance="2" expanded="2">
<page content="net.sourceforge.eclipsetrader.views.chart:15" label="LabelNotFound"/>
<page content="net.sourceforge.eclipsetrader.views.chart:14" label="LabelNotFound"/>
<page content="net.sourceforge.eclipsetrader.trading.level2:aagrocntaexd" label="LabelNotFound"/>
<presentation id="net.sourceforge.eclipsetrader.TraderPresentationFactory" pinned="false" tabsVisible="true"/>
</folder>
</info>
<info folder="true" part="org.eclipse.ui.internal.ViewStack@b9d43f" ratio="0.48480356" ratioLeft="654" ratioRight="695" relationship="2" relative="org.eclipse.ui.internal.ViewStack@1a7eca5">
<folder appearance="2" expanded="2">
<page content="net.sourceforge.eclipsetrader.trading.level2:hgskuhfiqkdm" label="LabelNotFound"/>
<page content="net.sourceforge.eclipsetrader.trading.level2:qashhhxoxrdw" label="LabelNotFound"/>
<presentation id="net.sourceforge.eclipsetrader.TraderPresentationFactory" pinned="false" tabsVisible="true"/>
</folder>
</info>
<info folder="true" part="org.eclipse.ui.internal.ViewStack@1329a05" ratio="0.50537634" ratioLeft="329" ratioRight="322" relationship="4" relative="org.eclipse.ui.internal.ViewStack@1a7eca5">
<folder activePageID="net.sourceforge.eclipsetrader.trading.level2:cxlgyobbqtlr" appearance="2" expanded="2">
<page content="net.sourceforge.eclipsetrader.trading.level2:ovzohgzgptfk" label="PETRI260 : 26,03 : Ofertas"/>
<page content="net.sourceforge.eclipsetrader.trading.level2:cxlgyobbqtlr" label="PETRJ239 : 24,03 : Ofertas"/>
<presentation id="net.sourceforge.eclipsetrader.TraderPresentationFactory" pinned="false" tabsVisible="true">
<part id="0"/>
<part id="1"/>
</presentation>
</folder>
</info>
<info folder="true" part="org.eclipse.ui.internal.ViewStack@1abed9e" ratio="0.50152904" ratioLeft="328" ratioRight="326" relationship="2" relative="org.eclipse.ui.internal.ViewStack@1329a05">
<folder activePageID="net.sourceforge.eclipsetrader.trading.level2:pomnyymaijan" appearance="2" expanded="2">
<page content="net.sourceforge.eclipsetrader.trading.level2:pomnyymaijan" label="PETRJ263 : 25,53 : Ofertas"/>
<page content="net.sourceforge.eclipsetrader.trading.level2:epzgiudywuas" label="PETRI745 : 24,53 : Ofertas"/>
<presentation id="net.sourceforge.eclipsetrader.TraderPresentationFactory" pinned="false" tabsVisible="true">
<part id="0"/>
<part id="1"/>
</presentation>
</folder>
</info>
<info folder="true" part="org.eclipse.ui.internal.ViewStack@1ff5e07" ratio="0.2824579" ratioLeft="285" ratioRight="724" relationship="2" relative="org.eclipse.ui.internal.ViewStack@941ca3">
<folder appearance="2" expanded="2">
<page content="net.sourceforge.eclipsetrader.views.chart:12" label="LabelNotFound"/>
<presentation id="net.sourceforge.eclipsetrader.TraderPresentationFactory" pinned="false" tabsVisible="true"/>
</folder>
</info>
<info folder="true" part="org.eclipse.ui.internal.ViewStack@21a9eb" ratio="0.5449102" ratioLeft="364" ratioRight="304" relationship="2" relative="org.eclipse.ui.internal.ViewStack@1ff5e07">
<folder appearance="2" expanded="2">
<page content="net.sourceforge.eclipsetrader.views.chart:11" label="LabelNotFound"/>
<presentation id="net.sourceforge.eclipsetrader.TraderPresentationFactory" pinned="false" tabsVisible="true"/>
</folder>
</info>
<info folder="true" part="org.eclipse.ui.internal.ViewStack@370a8b6e" ratio="0.3462546" ratioLeft="661" ratioRight="1248" relationship="2" relative="org.eclipse.ui.internal.ViewStack@941ca3">
<folder appearance="2" expanded="2">
<page content="net.sourceforge.eclipsetrader.trading.trendbarsView:dbefjwsiofwb" label="LabelNotFound"/>
<presentation id="net.sourceforge.eclipsetrader.TraderPresentationFactory" pinned="false" tabsVisible="true"/>
</folder>
</info>
<info folder="true" part="org.eclipse.ui.internal.ViewStack@1e1ce7b" ratio="0.27723578" ratioLeft="341" ratioRight="889" relationship="2" relative="org.eclipse.ui.internal.ViewStack@370a8b6e">
<folder appearance="2" expanded="2">
<page content="net.sourceforge.eclipsetrader.views.chart:5" label="LabelNotFound"/>
<presentation id="net.sourceforge.eclipsetrader.TraderPresentationFactory" pinned="false" tabsVisible="true"/>
</folder>
</info>
<info folder="true" part="org.eclipse.ui.internal.ViewStack@23d80b" ratio="0.7104895" ratioLeft="508" ratioRight="207" relationship="4" relative="org.eclipse.ui.internal.ViewStack@941ca3">
<folder appearance="2" expanded="2">
<page content="left" label="LabelNotFound"/>
<presentation id="net.sourceforge.eclipsetrader.TraderPresentationFactory" pinned="false" tabsVisible="true"/>
</folder>
</info>
<info folder="true" part="org.eclipse.ui.internal.ViewStack@1f292f6" ratio="0.5003706" ratioLeft="675" ratioRight="674" relationship="2" relative="org.eclipse.ui.internal.ViewStack@23d80b">
<folder appearance="2" expanded="2">
<page content="net.sourceforge.eclipsetrader.views.chart:1" label="LabelNotFound"/>
<presentation id="net.sourceforge.eclipsetrader.TraderPresentationFactory" pinned="false" tabsVisible="true"/>
</folder>
</info>
<info folder="true" part="org.eclipse.ui.internal.ViewStack@b6a17a" ratio="0.75" ratioLeft="435" ratioRight="145" relationship="4" relative="org.eclipse.ui.internal.ViewStack@23d80b">
<folder appearance="2" expanded="2">
<page content="net.sourceforge.eclipsetrader.trading.level2:uulakceimlyr" label="LabelNotFound"/>
<presentation id="net.sourceforge.eclipsetrader.TraderPresentationFactory" pinned="false" tabsVisible="true"/>
</folder>
</info>
<info folder="true" part="org.eclipse.ui.internal.ViewStack@66829a" ratio="0.39469808" ratioLeft="268" ratioRight="411" relationship="2" relative="org.eclipse.ui.internal.ViewStack@b6a17a">
<folder appearance="2" expanded="2">
<page content="stStatistic.volumeAtPrice:emxffhbcdglq" label="LabelNotFound"/>
<presentation id="net.sourceforge.eclipsetrader.TraderPresentationFactory" pinned="false" tabsVisible="true"/>
</folder>
</info>
<info folder="true" part="stickyFolderRight" ratio="0.75" ratioLeft="750" ratioRight="250" relationship="2" relative="org.eclipse.ui.internal.ViewStack@23d80b">
<folder appearance="2" expanded="2">
<page content="org.eclipse.help.ui.HelpView" label="LabelNotFound"/>
<page content="org.eclipse.ui.internal.introview" label="LabelNotFound"/>
</folder>
</info>
<info part="org.eclipse.ui.editorss" ratio="0.95" ratioLeft="950" ratioRight="50" relationship="2" relative="org.eclipse.ui.internal.ViewStack@23d80b"/>
<info folder="true" part="center" ratio="0.2" ratioLeft="190" ratioRight="760" relationship="2" relative="org.eclipse.ui.internal.ViewStack@23d80b">
<folder appearance="2" expanded="2"/>
</info>
<info folder="true" part="bottom" ratio="0.7989865" ratioLeft="473" ratioRight="119" relationship="4" relative="center">
<folder appearance="2" expanded="2"/>
</info>
<info folder="true" part="right" ratio="0.7" ratioLeft="665" ratioRight="285" relationship="2" relative="center">
<folder appearance="2" expanded="2"/>
</info>
</mainWindow>
<hiddenWindow height="312" width="422" x="469" y="228">
<view id="net.sourceforge.eclipsetrader.youtubevideo:https//www.youtube.com/watch?v=49-a1DgOXOU"/>
</hiddenWindow>
<hiddenWindow height="312" width="422" x="509" y="294">
<view id="net.sourceforge.eclipsetrader.youtubevideo:https//www.youtube.com/embed/LypGfKT-5Z8?list=PLhACYXv73wE5WisiY2Vpr3c3MNPERoJbV&amp;amp;rel=0"/>
</hiddenWindow>
<hiddenWindow height="720" width="940" x="250" y="90">
<view id="net.sourceforge.eclipsetrader.webbrowser:xswgmlvzxiek"/>
</hiddenWindow>
<hiddenWindow height="707" width="463" x="488" y="96">
<view id="stStatistic.volumeAtPrice:iqjqxlaxfqpx"/>
</hiddenWindow>
<hiddenWindow height="312" width="422" x="509" y="294">
<view id="net.sourceforge.eclipsetrader.youtubevideo:https//www.youtube.com/embed/ONNzECjKyic?rel=0"/>
</hiddenWindow>
<hiddenWindow height="312" width="422" x="749" y="384">
<view id="net.sourceforge.eclipsetrader.youtubevideo:https//www.youtube.com/embed/OiFe55ypnaI?rel=0"/>
</hiddenWindow>
<hiddenWindow height="312" width="422" x="749" y="384">
<view id="net.sourceforge.eclipsetrader.youtubevideo:https//www.youtube.com/embed/4gYNZS8iBRE?rel=0"/>
</hiddenWindow>
<hiddenWindow height="232" width="407" x="575" y="451">
<view id="stTrading.tradePadView:oknrzxotssxo"/>
</hiddenWindow>
<hiddenWindow height="580" width="640" x="316" y="323">
<view id="stStatistic.volumeAtPrice:ddwigpqtlfgq"/>
</hiddenWindow>
<hiddenWindow height="580" width="640" x="352" y="314">
<view id="stStatistic.volumeAtPrice:muvhwqyxxqid"/>
</hiddenWindow>
<hiddenWindow height="559" width="1351" x="150" y="436">
<view id="stTrading.calls.callsView"/>
</hiddenWindow>
<hiddenWindow height="910" width="867" x="526" y="85">
<view id="net.sourceforge.eclipsetrader.patternSearch"/>
</hiddenWindow>
<hiddenWindow height="910" width="867" x="526" y="85">
<view id="stQuote.rentBook:hgwrutvtlzor"/>
</hiddenWindow>
<hiddenWindow height="580" width="640" x="640" y="250">
<view id="stStatistic.volumeAtPrice:kshjvjxclfha"/>
</hiddenWindow>
<hiddenWindow height="580" width="640" x="640" y="250">
<view id="stStatistic.volumeAtPrice:szsemthidbke"/>
</hiddenWindow>
<hiddenWindow height="736" width="843" x="383" y="267">
<view id="stStatistic.volumeAtPrice:pdgwgkuqidgh"/>
</hiddenWindow>
<hiddenWindow height="232" width="407" x="756" y="424">
<view id="stTrading.tradePadView:pmcjbjhkohqg"/>
</hiddenWindow>
<hiddenWindow height="566" width="452" x="827" y="228">
<view id="stTrading.dayTradeBookView:oifmgdptwmii"/>
</hiddenWindow>
<hiddenWindow height="445" width="560" x="680" y="355">
<view id="net.sourceforge.eclipsetrader.trading.trendbarsView:pnqfbojxsxjv"/>
</hiddenWindow>
<hiddenWindow height="370" width="560" x="680" y="355">
<view id="net.sourceforge.eclipsetrader.trading.trendbarsView:hksfuackebcp"/>
</hiddenWindow>
<hiddenWindow height="489" width="463" x="728" y="295">
<view id="net.sourceforge.eclipsetrader.chartObjectsVisibility"/>
</hiddenWindow>
<hiddenWindow height="292" width="654" x="355" y="409">
<view id="stQuote.buyStop"/>
</hiddenWindow>
<hiddenWindow height="292" width="654" x="464" y="393">
<view id="stQuote.sellStop"/>
</hiddenWindow>
<hiddenWindow height="448" width="854" x="357" y="385">
<view id="stQuote.view.replay"/>
</hiddenWindow>
<hiddenWindow height="580" width="640" x="640" y="250">
<view id="stStatistic.volumeAtPrice:mlfzivwkoulz"/>
</hiddenWindow>
<hiddenWindow height="232" width="407" x="367" y="312">
<view id="stTrading.tradePadView:pdvntnquwzwg"/>
</hiddenWindow>
<hiddenWindow height="580" width="453" x="640" y="250">
<view id="stStatistic.volumeAtPrice:ygryadtxcxno"/>
</hiddenWindow>
<hiddenWindow height="580" width="640" x="640" y="250">
<view id="stStatistic.volumeAtPrice:czexkimtwvqx"/>
</hiddenWindow>
<hiddenWindow height="580" width="640" x="640" y="250">
<view id="stStatistic.volumeAtPrice:iralfgvzejzv"/>
</hiddenWindow>
<hiddenWindow height="569" width="674" x="343" y="99">
<view id="net.sourceforge.eclipsetrader.views.securities"/>
</hiddenWindow>
<hiddenWindow height="303" width="657" x="351" y="232">
<view id="stQuote.trade:ezfuycgozozu"/>
</hiddenWindow>
<hiddenWindow height="310" width="480" x="128" y="322">
<view id="stTrading.tradePadView:aguocvtilhez"/>
</hiddenWindow>
<hiddenWindow height="384" width="756" x="302" y="192">
<view id="stWarning.WarningMessageView"/>
</hiddenWindow>
<hiddenWindow height="424" width="400" x="480" y="172">
<view id="stQuote.marketTotals"/>
</hiddenWindow>
<hiddenWindow height="353" width="738" x="370" y="156">
<view id="stQuote.marketIndicators"/>
</hiddenWindow>
<hiddenWindow height="519" width="1067" x="146" y="124">
<view id="stQuote.report:balance"/>
</hiddenWindow>
<hiddenWindow height="227" width="407" x="476" y="270">
<view id="stTrading.tradePadView:eiwsgqqxrpuq"/>
</hiddenWindow>
<hiddenWindow height="306" width="592" x="384" y="231">
<view id="stQuote.spreads"/>
</hiddenWindow>
<hiddenWindow height="712" width="952" x="204" y="28">
<view id="stQuote.Basket"/>
</hiddenWindow>
<hiddenWindow height="731" width="867" x="212" y="20">
<view id="trydOpcoes.graficoPerformance"/>
</hiddenWindow>
<hiddenWindow height="361" width="897" x="263" y="181">
<view id="trydOpcoes.montagemEstrategia"/>
</hiddenWindow>
<hiddenWindow height="361" width="590" x="515" y="203">
<view id="trydOpcoes.graficoSmileDeVolatilidade"/>
</hiddenWindow>
<hiddenWindow height="720" width="940" x="210" y="24">
<view id="net.sourceforge.eclipsetrader.webbrowser:arwmjweipakl"/>
</hiddenWindow>
<hiddenWindow height="227" width="459" x="450" y="270">
<view id="stQuote.clock"/>
</hiddenWindow>
<hiddenWindow height="361" width="831" x="137" y="203">
<view id="net.sourceforge.eclipsetrader.newslist"/>
</hiddenWindow>
<hiddenWindow height="580" width="640" x="360" y="94">
<view id="stStatistic.volumeAtPrice:gnccuzqmvlet"/>
</hiddenWindow>
<hiddenWindow height="315" width="303" x="528" y="226">
<view id="stQuote.securityRankTopHighs"/>
</hiddenWindow>
<hiddenWindow height="316" width="302" x="529" y="226">
<view id="stQuote.securityRankTopLows"/>
</hiddenWindow>
<hiddenWindow height="318" width="325" x="517" y="225">
<view id="stQuote.securityRankTopTradeds"/>
</hiddenWindow>
<hiddenWindow height="316" width="325" x="517" y="226">
<view id="stQuote.securityRankTopVols"/>
</hiddenWindow>
<hiddenWindow height="361" width="571" x="273" y="203">
<view id="stTrading.fixedIncomePositionView"/>
</hiddenWindow>
<hiddenWindow height="361" width="329" x="515" y="203">
<view id="stTrading.fixedIncomeAvailableBondsView"/>
</hiddenWindow>
<hiddenWindow height="441" width="968" x="164" y="155">
<view id="stTrading.publicBond.ui.publicBondOrderFormView"/>
</hiddenWindow>
<hiddenWindow height="361" width="932" x="214" y="203">
<view id="stTrading.publicBond.ui.availableBondsView"/>
</hiddenWindow>
<hiddenWindow height="250" width="807" x="384" y="259">
<view id="stQuote.detailExecOrder"/>
</hiddenWindow>
<hiddenWindow height="551" width="661" x="265" y="70">
<view id="org.eclipse.ui.views.ProgressView"/>
</hiddenWindow>
<hiddenWindow height="361" width="822" x="81" y="275">
<view id="stQuote.consolidatedCustodyView"/>
</hiddenWindow>
<hiddenWindow height="605" width="1231" x="64" y="81">
<view id="stTrading.performanceReportView"/>
</hiddenWindow>
<hiddenWindow height="628" width="452" x="449" y="55">
<view id="stTrading.dayTradeBookView:cemzjslxrcpo"/>
</hiddenWindow>
<hiddenWindow height="677" width="953" x="203" y="45">
<view id="stQuote.report"/>
</hiddenWindow>
<hiddenWindow height="179" width="637" x="358" y="361">
<view id="stQuote.simpleTrade:eywbsexmerzh"/>
<view id="stQuote.simpleTrade:isstubwrsran"/>
<view id="stQuote.simpleTrade:hpgswzmqjrgm"/>
</hiddenWindow>
<hiddenWindow height="153" width="205" x="577" y="307">
<view id="stQuote.balance"/>
</hiddenWindow>
<hiddenWindow height="530" width="692" x="334" y="119">
<view id="stQuote.tradeNeg:ufjlptjxubgr"/>
</hiddenWindow>
<hiddenWindow height="340" width="300" x="530" y="214">
<view id="stQuote.fastQuote:ayfgwgvhghbs"/>
</hiddenWindow>
<hiddenWindow height="580" width="640" x="360" y="94">
<view id="stStatistic.volumeAtPrice:xgirerjmjrfc"/>
</hiddenWindow>
<hiddenWindow height="308" width="841" x="259" y="230">
<view id="stQuote.brokerRanking"/>
</hiddenWindow>
<hiddenWindow height="575" width="605" x="377" y="96">
<view id="stQuote.securityRanking"/>
</hiddenWindow>
<hiddenWindow height="626" width="774" x="549" y="82">
<view id="trydOpcoes.principal"/>
<view id="net.sourceforge.eclipsetrader.watchlist:3"/>
</hiddenWindow>
<hiddenWindow height="179" width="637" x="361" y="294">
<view id="stQuote.simpleTrade:kqbyppfktwag"/>
</hiddenWindow>
</layout>
</perspective>
</perspectives>
<workingSets/>
<navigationHistory/>
</page>
<workbenchWindowAdvisor/>
<actionBarAdvisor/>
<trimLayout>
<trimArea IMemento.internal.id="1024">
<trimItem IMemento.internal.id="stQuote.routerStatusTrim"/>
<trimItem IMemento.internal.id="org.eclipse.ui.internal.progress.ProgressRegion"/>
<trimItem IMemento.internal.id="net.sourceforge.eclipsetrader.core.selectedSecurity"/>
<trimItem IMemento.internal.id="net.sourceforge.eclipsetrader.core.trydAdvertisementTrim"/>
<trimItem IMemento.internal.id="stQuote.trydBlogTrim"/>
</trimArea>
</trimLayout>
</window>
</workbench>