<?xml version="1.0" encoding="UTF-8"?>
<workbench version="2.0">
<window height="744" maximized="true" width="1382" x="-8" y="-8">
<fastViewData fastViewLocation="1024"/>
<perspectiveBar/>
<coolbarLayout>
<coolItem id="stQuote.smallToolbar.quote" itemType="typeToolBarContribution" x="199" y="22"/>
<coolItem id="stQuote.smallToolbar.charts" itemType="typeToolBarContribution" x="38" y="22"/>
<coolItem id="stQuote.smallToolbar.trading" itemType="typeToolBarContribution" x="138" y="22"/>
<coolItem id="stQuote.smallToolbar.account" itemType="typeToolBarContribution" x="114" y="22"/>
<coolItem id="stQuote.smallToolbar.news" itemType="typeToolBarContribution" x="38" y="22"/>
<coolItem id="stQuote.smallToolbar.others" itemType="typeToolBarContribution" x="130" y="22"/>
<coolItem id="stQuote.smallToolbar.fixedIncome" itemType="typeToolBarContribution" x="-1" y="-1"/>
<coolItem id="stQuote.largeToolbarText" itemType="typeToolBarContribution" x="-1" y="-1"/>
<coolItem id="stQuote.largeToolbar" itemType="typeToolBarContribution" x="-1" y="-1"/>
</coolbarLayout>
<page focus="true" label="&lt;Etiqueta Desconhecida&gt; - Tryd">
<editors>
<editorArea activeWorkbook="DefaultEditorWorkbook">
<info part="DefaultEditorWorkbook">
<folder appearance="1" expanded="2">
<presentation id="net.sourceforge.eclipsetrader.TraderPresentationFactory"/>
</folder>
</info>
</editorArea>
</editors>
<views>
<view id="net.sourceforge.eclipsetrader.trading.level2:hhvaqahhcrnt" partName="PETRI260 : 26,03 : Ofertas">
<viewState brokerShowingType="2" colorType="2" columnsWidth.ANALITIC="" columnsWidth.DEPTH="" columnsWidth.GROUPED_BY_PRICE="" columnsWidth.GROUPED_WITH_AVERAGE_PRICE="" followSelection="false" hideTableHeader="true" hideTableLines="true" hideTableScrollbars="false" highlightBrokers="TRUE" invisibleColumns_ANALITIC="" invisibleColumns_DEPTH="" invisibleColumns_GROUPED_BY_PRICE="" invisibleColumns_GROUPED_WITH_AVERAGE_PRICE="" level2Mode="0" maxQtty="0" minQtty="0" miniWatchlistColumns="watchlist.lastPrice;watchlist.bidSize;watchlist.askSize;watchlist.strikePrice;" miniWatchlistColumnsWidth="60;99;97;60;" quantityHighlight="3900;3900;255,255,0;0,0,0@49000;490000;255,255,0;0,0,0" securityCode="PETRI260" securityDetailsMode="2" showAbbreviatedQuantities="TRUE" showHighlightedItemsCount="true" showLeadCommands="false" showMiniOrderForm="true" showTrades="false" showTrendbar="false" showTrendbarPercentage="false" trendbarDrawMode="1" trendbarHeight="1" trendbarPriceLevels="5" trendbarSource="1" visibleOffersCount="1"/>
</view>
<view id="stQuote.portfolioView" partName="Portfólio Intraday">
<viewState/>
</view>
<view id="stQuote.abstractOrders" partName="Resumo de Ordens">
<viewState/>
</view>
<view id="stQuote.tradeNeg:yhvmzgzfddpf" partName="PETRI236 : 23,03 : Negócios">
<viewState CHART_VISIBLE="false" GROUPED_TRADES_USAGE_MODE="0" MAX_SHOWN_TRADES="50" SELECTED_TAB="0" TRADE_USAGE_MODE="0" abbreviateAggressor="false" aggressorBarDataSource="0" aggressorBarSize="1" alerts="" brokerCode="" brokerColumnMode="NAMES" chartAboveTable="true" colorByAggression="true" columns="trade.time;trade.quantity;trade.buyer;trade.price;trade.seller;" columnsWidths="60;70;63;70;67;" followSelSecurity="false" groupedTradesColumns="trade.price;trade.quantity;trade.buyer;trade.seller;trade.time;trade.agressor;trade.aggressorBroker;" groupedTradesColumnsWidths="70;70;150;150;60;100;150;" groupedTradesListSashWeights="500;500;" hideTableHeader="false" hideTableLines="true" hideTableScrollbars="true" highlightBrokers="false" highlightDirectTrades="false" highlightLastTrade="false" maxQtty="0" minQtty="0" miniWatchlistColumns="watchlist.lastPrice;watchlist.changePercent;watchlist.lowPrice;watchlist.highPrice;watchlist.volume;" miniWatchlistColumnsWidth="60;60;60;60;60;" playersEvolutionBalanceSide="16384" playersEvolutionHideChartGrid="false" playersEvolutionInterval="4" plotMode="0" quantityHighlight="20000;50000;153,255,102;0,0,0@50000;120000;153,153,0;51,255,255@120000;900000;153,0,0;51,255,255" quoteEvolutionContinuousLine="false" quoteEvolutionLineSize="1" quoteEvolutionScaleNextToBalance="false" security="PETRI236" separateAggressorsGroups="true" showAggressorBar="false" showAggressorBarPercentage="false" showHighlightedItemsCount="false" showMiniWatchlist="false" showQuoteEvolution="false" showTableSelector="true" showTimer="true" stQuote.brokersRankingColumns.buyers.columnsWidths="38;150;70;75;90;60;" stQuote.brokersRankingColumns.buyers.shownColumns="brokersRankingColumn.rankingPosition;brokersRankingColumn.brokerName;brokersRankingColumn.buyQuantity;brokersRankingColumn.buyAveragePrice;brokersRankingColumn.buyVolume;brokersRankingColumn.buyTrades;" stQuote.brokersRankingColumns.buyers.sortColumnDirection="1024" stQuote.brokersRankingColumns.buyers.sortColumnId="brokersRankingColumn.buyVolume" stQuote.brokersRankingColumns.net.columnsWidths="38;150;70;70;70;90;90;90;75;70;70;70;70;70;" stQuote.brokersRankingColumns.net.shownColumns="brokersRankingColumn.rankingPosition;brokersRankingColumn.brokerName;brokersRankingColumn.buyQuantity;brokersRankingColumn.sellQuantity;brokersRankingColumn.quantity;brokersRankingColumn.buyVolume;brokersRankingColumn.sellVolume;brokersRankingColumn.volume;brokersRankingColumn.netAveragePrice;brokersRankingColumn.buyAgression;brokersRankingColumn.sellAgression;brokersRankingColumn.netAgression;brokersRankingColumn.grossPL;brokersRankingColumn.netPassive;" stQuote.brokersRankingColumns.net.sortColumnDirection="1024" stQuote.brokersRankingColumns.net.sortColumnId="brokersRankingColumn.volume" stQuote.brokersRankingColumns.sellers.columnsWidths="38;150;70;75;90;60;" stQuote.brokersRankingColumns.sellers.shownColumns="brokersRankingColumn.rankingPosition;brokersRankingColumn.brokerName;brokersRankingColumn.sellQuantity;brokersRankingColumn.sellAveragePrice;brokersRankingColumn.sellVolume;brokersRankingColumn.sellTrades;" stQuote.brokersRankingColumns.sellers.sortColumnDirection="1024" stQuote.brokersRankingColumns.sellers.sortColumnId="brokersRankingColumn.sellVolume" stQuote.brokersRankingColumns.sum.columnsWidths="38;150;70;90;60;75;" stQuote.brokersRankingColumns.sum.shownColumns="brokersRankingColumn.rankingPosition;brokersRankingColumn.brokerName;brokersRankingColumn.sumQuantity;brokersRankingColumn.sumVolume;brokersRankingColumn.sumTrades;brokersRankingColumn.sumAveragePrice;" stQuote.brokersRankingColumns.sum.sortColumnDirection="1024" stQuote.brokersRankingColumns.sum.sortColumnId="brokersRankingColumn.sumTrades" timeFrame="7" tradesGroupingInterval="20" tradesGroupingMASettings="" tradesGroupingType="0" tradesListSashWeights="500;500;" tradesOrdering="TOP"/>
</view>
<view id="net.sourceforge.eclipsetrader.watchlist:1" partName="Opcoes">
<viewState/>
</view>
<view id="stQuote.orders" partName="Consultar Ordens">
<viewState/>
</view>
<view id="stQuote.custodyView" partName="Custódia">
<viewState/>
</view>
<view id="net.sourceforge.eclipsetrader.trading.level2:zaozdtxozqap" partName="PETRI263 : 25,53 : Ofertas">
<viewState brokerShowingType="2" colorType="2" columnsWidth.ANALITIC="" columnsWidth.DEPTH="" columnsWidth.GROUPED_BY_PRICE="" columnsWidth.GROUPED_WITH_AVERAGE_PRICE="" followSelection="false" hideTableHeader="true" hideTableLines="true" hideTableScrollbars="false" highlightBrokers="TRUE" invisibleColumns_ANALITIC="" invisibleColumns_DEPTH="" invisibleColumns_GROUPED_BY_PRICE="" invisibleColumns_GROUPED_WITH_AVERAGE_PRICE="" level2Mode="0" maxQtty="0" minQtty="0" miniWatchlistColumns="watchlist.lastPrice;watchlist.bidSize;watchlist.askSize;watchlist.strikePrice;" miniWatchlistColumnsWidth="60;95;76;57;" quantityHighlight="3900;3900;255,255,0;0,0,0@49000;490000;255,255,0;0,0,0" securityCode="PETRI263" securityDetailsMode="2" showAbbreviatedQuantities="TRUE" showHighlightedItemsCount="true" showLeadCommands="false" showMiniOrderForm="true" showTrades="false" showTrendbar="false" showTrendbarPercentage="false" trendbarDrawMode="1" trendbarHeight="1" trendbarPriceLevels="5" trendbarSource="1" visibleOffersCount="1"/>
</view>
<view id="net.sourceforge.eclipsetrader.views.chart:17" partName="PETR4 : 5">
<viewState crossTrading="false" ddeRtdIsEnabled="false" enableChartTrading="false" insertOnClick="false" isSaved="false" oco="false" orderFormPosition="131072" quantity="100" requestSave="false" resultsPosition="1" showCoveredAveragePrice="false" showDayTradeForm="false" showFilledOrders="true"/>
</view>
</views>
<perspectives activePart="net.sourceforge.eclipsetrader.watchlist:1" activePerspective="stQuote.defaultPerspective">
<perspective editorAreaTrimState="2" editorAreaVisible="0" fixed="0" version="0.016">
<descriptor class="stQuote.ui.Perspective" id="stQuote.defaultPerspective" label="Tryd"/>
<hide_toolbar_item_id id="stQuote.buyCommand"/>
<hide_toolbar_item_id id="stQuote.stopOrdersEmptyCommand"/>
<hide_toolbar_item_id id="stQuote.openBrokerRankingCommand"/>
<hide_toolbar_item_id id="stTrading.openPublicBondOrderFormCommand"/>
<hide_toolbar_item_id id="stQuote.openReportsCommand"/>
<hide_toolbar_item_id id="stQuote.spreadOrderCommand"/>
<hide_toolbar_item_id id="stQuote.marketIndicatorsCommand"/>
<hide_toolbar_item_id id="stTrading.openTradePlanSettings"/>
<hide_toolbar_item_id id="stQuote.openMarketTotalsCommand"/>
<hide_toolbar_item_id id="stQuote.openOrdersBasketCommand"/>
<hide_toolbar_item_id id="stQuote.openPivotCalculatorCommand"/>
<hide_toolbar_item_id id="stQuote.openProceedsCommand"/>
<hide_toolbar_item_id id="stQuote.currenciesCommand"/>
<hide_toolbar_item_id id="stQuote.integrationsEmptyCommand"/>
<hide_toolbar_item_id id="stQuote.smallToolbar.fixedIncome"/>
<hide_toolbar_item_id id="stQuote.sellCommand"/>
<hide_toolbar_item_id id="trydOpcoes.abrirVisaoPrincipalCommand"/>
<hide_toolbar_item_id id="stQuote.fastQuoteCommand"/>
<hide_toolbar_item_id id="stQuote.rentBookCommand"/>
<hide_toolbar_item_id id="stTrading.openFixedIncomeAvailableBonds"/>
<hide_toolbar_item_id id="stTrading.openClubsAndFundsProducts"/>
<hide_toolbar_item_id id="stDDE.activateDde.command"/>
<hide_toolbar_item_id id="stQuote.scheduledOrderCommand"/>
<view id="net.sourceforge.eclipsetrader.trading.level2:hhvaqahhcrnt"/>
<view id="net.sourceforge.eclipsetrader.watchlist:1"/>
<view id="stQuote.custodyView"/>
<view id="stQuote.portfolioView"/>
<view id="net.sourceforge.eclipsetrader.views.chart:17"/>
<view id="stQuote.tradeNeg:yhvmzgzfddpf"/>
<view id="net.sourceforge.eclipsetrader.trading.level2:zaozdtxozqap"/>
<view id="stQuote.abstractOrders"/>
<view id="stQuote.orders"/>
<fastViewBars/>
<layout>
<mainWindow>
<info folder="true" part="org.eclipse.ui.internal.ViewStack@5dd30">
<folder activePageID="net.sourceforge.eclipsetrader.watchlist:1" appearance="2" expanded="2">
<page content="net.sourceforge.eclipsetrader.watchlist:1" label="Opcoes"/>
<page content="net.sourceforge.eclipsetrader.watchlist:2" label="LabelNotFound"/>
<page content="net.sourceforge.eclipsetrader.watchlist:4" label="LabelNotFound"/>
<page content="net.sourceforge.eclipsetrader.watchlist:3" label="LabelNotFound"/>
<presentation id="net.sourceforge.eclipsetrader.TraderPresentationFactory" pinned="false" tabsVisible="true">
<part id="0"/>
</presentation>
</folder>
</info>
<info folder="true" part="org.eclipse.ui.internal.ViewStack@60a7a1" ratio="0.48413286" ratioLeft="656" ratioRight="699" relationship="2" relative="org.eclipse.ui.internal.ViewStack@5dd30">
<folder appearance="2" expanded="2">
<page content="net.sourceforge.eclipsetrader.trading.level2:thuwhxdlaqzv" label="LabelNotFound"/>
<page content="net.sourceforge.eclipsetrader.trading.level2:fcnghdwjmwjf" label="LabelNotFound"/>
<page content="net.sourceforge.eclipsetrader.trading.level2:ifzdltxbmpic" label="LabelNotFound"/>
<presentation id="net.sourceforge.eclipsetrader.TraderPresentationFactory" pinned="false" tabsVisible="true"/>
</folder>
</info>
<info folder="true" part="org.eclipse.ui.internal.ViewStack@1b65c0d" ratio="0.48290598" ratioLeft="339" ratioRight="363" relationship="2" relative="org.eclipse.ui.internal.ViewStack@60a7a1">
<folder activePageID="stQuote.custodyView" appearance="2" expanded="2">
<page content="stQuote.custodyView" label="Custódia"/>
<page content="stQuote.portfolioView" label="Portfólio Intraday"/>
<page content="stQuote.tradeNeg:mrvvphaypbxk" label="LabelNotFound"/>
<page content="stQuote.tradeNeg:drnjjrozkofj" label="LabelNotFound"/>
<presentation id="net.sourceforge.eclipsetrader.TraderPresentationFactory" pinned="false" tabsVisible="true">
<part id="0"/>
<part id="1"/>
</presentation>
</folder>
</info>
<info folder="true" part="org.eclipse.ui.internal.ViewStack@45afd4" ratio="0.56086284" ratioLeft="364" ratioRight="285" relationship="4" relative="org.eclipse.ui.internal.ViewStack@1b65c0d">
<folder appearance="2" expanded="2">
<page content="net.sourceforge.eclipsetrader.views.chart:13" label="LabelNotFound"/>
<page content="net.sourceforge.eclipsetrader.views.chart:14" label="LabelNotFound"/>
<page content="net.sourceforge.eclipsetrader.views.chart:15" label="LabelNotFound"/>
<page content="net.sourceforge.eclipsetrader.views.chart:16" label="LabelNotFound"/>
<presentation id="net.sourceforge.eclipsetrader.TraderPresentationFactory" pinned="false" tabsVisible="false"/>
</folder>
</info>
<info folder="true" part="org.eclipse.ui.internal.ViewStack@74d858" ratio="0.5" ratioLeft="326" ratioRight="326" relationship="4" relative="org.eclipse.ui.internal.ViewStack@1b65c0d">
<folder activePageID="stQuote.abstractOrders" appearance="2" expanded="2">
<page content="stQuote.abstractOrders" label="Resumo de Ordens"/>
<page content="stQuote.orders" label="Consultar Ordens"/>
<presentation id="net.sourceforge.eclipsetrader.TraderPresentationFactory" pinned="false" tabsVisible="true">
<part id="0"/>
<part id="1"/>
</presentation>
</folder>
</info>
<info folder="true" part="org.eclipse.ui.internal.ViewStack@d96578" ratio="0.5161787" ratioLeft="335" ratioRight="314" relationship="4" relative="org.eclipse.ui.internal.ViewStack@60a7a1">
<folder appearance="2" expanded="2">
<page content="net.sourceforge.eclipsetrader.trading.level2:xwlfoguwtluv" label="LabelNotFound"/>
<page content="net.sourceforge.eclipsetrader.trading.level2:zupnheugzwmo" label="LabelNotFound"/>
<page content="net.sourceforge.eclipsetrader.trading.level2:wxlxwegezsww" label="LabelNotFound"/>
<page content="net.sourceforge.eclipsetrader.trading.level2:lkabcwucnipo" label="LabelNotFound"/>
<presentation id="net.sourceforge.eclipsetrader.TraderPresentationFactory" pinned="false" tabsVisible="true"/>
</folder>
</info>
<info folder="true" part="org.eclipse.ui.internal.ViewStack@bf1ec9" ratio="0.5007704" ratioLeft="325" ratioRight="324" relationship="4" relative="org.eclipse.ui.internal.ViewStack@60a7a1">
<folder activePageID="stQuote.tradeNeg:yhvmzgzfddpf" appearance="2" expanded="2">
<page content="net.sourceforge.eclipsetrader.views.chart:17" label="PETR4 : 5"/>
<page content="stQuote.tradeNeg:yhvmzgzfddpf" label="PETRI236 : 23,03 : Negócios"/>
<presentation id="net.sourceforge.eclipsetrader.TraderPresentationFactory" pinned="false" tabsVisible="true">
<part id="1"/>
<part id="0"/>
</presentation>
</folder>
</info>
<info folder="true" part="org.eclipse.ui.internal.ViewStack@10f70c7" ratio="0.3778802" ratioLeft="246" ratioRight="405" relationship="4" relative="org.eclipse.ui.internal.ViewStack@5dd30">
<folder activePageID="net.sourceforge.eclipsetrader.trading.level2:hhvaqahhcrnt" appearance="2" expanded="2">
<page content="net.sourceforge.eclipsetrader.trading.level2:hhvaqahhcrnt" label="PETRI260 : 26,03 : Ofertas"/>
<presentation id="net.sourceforge.eclipsetrader.TraderPresentationFactory" pinned="false" tabsVisible="true">
<part id="0"/>
</presentation>
</folder>
</info>
<info folder="true" part="org.eclipse.ui.internal.ViewStack@7cd434" ratio="0.50382847" ratioLeft="329" ratioRight="324" relationship="2" relative="org.eclipse.ui.internal.ViewStack@10f70c7">
<folder activePageID="net.sourceforge.eclipsetrader.trading.level2:zaozdtxozqap" appearance="2" expanded="2">
<page content="net.sourceforge.eclipsetrader.trading.level2:zaozdtxozqap" label="PETRI263 : 25,53 : Ofertas"/>
<page content="net.sourceforge.eclipsetrader.trading.level2:awgtnlerovkf" label="LabelNotFound"/>
<page content="net.sourceforge.eclipsetrader.trading.level2:wguoysmtigwl" label="LabelNotFound"/>
<presentation id="net.sourceforge.eclipsetrader.TraderPresentationFactory" pinned="false" tabsVisible="true">
<part id="0"/>
</presentation>
</folder>
</info>
<info folder="true" part="org.eclipse.ui.internal.ViewStack@941ca3" ratio="0.64073694" ratioLeft="626" ratioRight="351" relationship="2" relative="org.eclipse.ui.internal.ViewStack@5dd30">
<folder appearance="2" expanded="2">
<page content="net.sourceforge.eclipsetrader.trading.level2:znpxaklxckvi" label="LabelNotFound"/>
<presentation id="net.sourceforge.eclipsetrader.TraderPresentationFactory" pinned="false" tabsVisible="true"/>
</folder>
</info>
<info folder="true" part="org.eclipse.ui.internal.ViewStack@370a8b6e" ratio="0.3462546" ratioLeft="661" ratioRight="1248" relationship="2" relative="org.eclipse.ui.internal.ViewStack@941ca3">
<folder appearance="2" expanded="2">
<page content="net.sourceforge.eclipsetrader.trading.trendbarsView:dbefjwsiofwb" label="LabelNotFound"/>
<presentation id="net.sourceforge.eclipsetrader.TraderPresentationFactory" pinned="false" tabsVisible="true"/>
</folder>
</info>
<info folder="true" part="org.eclipse.ui.internal.ViewStack@1e1ce7b" ratio="0.27723578" ratioLeft="341" ratioRight="889" relationship="2" relative="org.eclipse.ui.internal.ViewStack@370a8b6e">
<folder appearance="2" expanded="2">
<page content="net.sourceforge.eclipsetrader.views.chart:5" label="LabelNotFound"/>
<presentation id="net.sourceforge.eclipsetrader.TraderPresentationFactory" pinned="false" tabsVisible="true"/>
</folder>
</info>
<info folder="true" part="org.eclipse.ui.internal.ViewStack@23d80b" ratio="0.7104895" ratioLeft="508" ratioRight="207" relationship="4" relative="org.eclipse.ui.internal.ViewStack@941ca3">
<folder appearance="2" expanded="2">
<page content="left" label="LabelNotFound"/>
<presentation id="net.sourceforge.eclipsetrader.TraderPresentationFactory" pinned="false" tabsVisible="true"/>
</folder>
</info>
<info folder="true" part="org.eclipse.ui.internal.ViewStack@1f292f6" ratio="0.5003706" ratioLeft="675" ratioRight="674" relationship="2" relative="org.eclipse.ui.internal.ViewStack@23d80b">
<folder appearance="2" expanded="2">
<page content="net.sourceforge.eclipsetrader.views.chart:1" label="LabelNotFound"/>
<presentation id="net.sourceforge.eclipsetrader.TraderPresentationFactory" pinned="false" tabsVisible="true"/>
</folder>
</info>
<info folder="true" part="org.eclipse.ui.internal.ViewStack@b6a17a" ratio="0.75" ratioLeft="435" ratioRight="145" relationship="4" relative="org.eclipse.ui.internal.ViewStack@23d80b">
<folder appearance="2" expanded="2">
<page content="net.sourceforge.eclipsetrader.trading.level2:uulakceimlyr" label="LabelNotFound"/>
<presentation id="net.sourceforge.eclipsetrader.TraderPresentationFactory" pinned="false" tabsVisible="true"/>
</folder>
</info>
<info folder="true" part="org.eclipse.ui.internal.ViewStack@66829a" ratio="0.39469808" ratioLeft="268" ratioRight="411" relationship="2" relative="org.eclipse.ui.internal.ViewStack@b6a17a">
<folder appearance="2" expanded="2">
<page content="stStatistic.volumeAtPrice:emxffhbcdglq" label="LabelNotFound"/>
<presentation id="net.sourceforge.eclipsetrader.TraderPresentationFactory" pinned="false" tabsVisible="true"/>
</folder>
</info>
<info folder="true" part="stickyFolderRight" ratio="0.75" ratioLeft="750" ratioRight="250" relationship="2" relative="org.eclipse.ui.internal.ViewStack@23d80b">
<folder appearance="2" expanded="2">
<page content="org.eclipse.help.ui.HelpView" label="LabelNotFound"/>
<page content="org.eclipse.ui.internal.introview" label="LabelNotFound"/>
</folder>
</info>
<info part="org.eclipse.ui.editorss" ratio="0.95" ratioLeft="950" ratioRight="50" relationship="2" relative="org.eclipse.ui.internal.ViewStack@23d80b"/>
<info folder="true" part="center" ratio="0.2" ratioLeft="190" ratioRight="760" relationship="2" relative="org.eclipse.ui.internal.ViewStack@23d80b">
<folder appearance="2" expanded="2"/>
</info>
<info folder="true" part="bottom" ratio="0.7989865" ratioLeft="473" ratioRight="119" relationship="4" relative="center">
<folder appearance="2" expanded="2"/>
</info>
<info folder="true" part="right" ratio="0.7" ratioLeft="665" ratioRight="285" relationship="2" relative="center">
<folder appearance="2" expanded="2"/>
</info>
</mainWindow>
<hiddenWindow height="551" width="661" x="689" y="118">
<view id="org.eclipse.ui.views.ProgressView"/>
</hiddenWindow>
<hiddenWindow height="312" width="422" x="469" y="228">
<view id="net.sourceforge.eclipsetrader.youtubevideo:https//www.youtube.com/watch?v=49-a1DgOXOU"/>
</hiddenWindow>
<hiddenWindow height="312" width="422" x="509" y="294">
<view id="net.sourceforge.eclipsetrader.youtubevideo:https//www.youtube.com/embed/LypGfKT-5Z8?list=PLhACYXv73wE5WisiY2Vpr3c3MNPERoJbV&amp;amp;rel=0"/>
</hiddenWindow>
<hiddenWindow height="720" width="940" x="250" y="90">
<view id="net.sourceforge.eclipsetrader.webbrowser:xswgmlvzxiek"/>
</hiddenWindow>
<hiddenWindow height="707" width="463" x="488" y="96">
<view id="stStatistic.volumeAtPrice:iqjqxlaxfqpx"/>
</hiddenWindow>
<hiddenWindow height="312" width="422" x="509" y="294">
<view id="net.sourceforge.eclipsetrader.youtubevideo:https//www.youtube.com/embed/ONNzECjKyic?rel=0"/>
</hiddenWindow>
<hiddenWindow height="312" width="422" x="749" y="384">
<view id="net.sourceforge.eclipsetrader.youtubevideo:https//www.youtube.com/embed/OiFe55ypnaI?rel=0"/>
</hiddenWindow>
<hiddenWindow height="312" width="422" x="749" y="384">
<view id="net.sourceforge.eclipsetrader.youtubevideo:https//www.youtube.com/embed/4gYNZS8iBRE?rel=0"/>
</hiddenWindow>
<hiddenWindow height="232" width="407" x="575" y="451">
<view id="stTrading.tradePadView:oknrzxotssxo"/>
</hiddenWindow>
<hiddenWindow height="580" width="640" x="316" y="323">
<view id="stStatistic.volumeAtPrice:ddwigpqtlfgq"/>
</hiddenWindow>
<hiddenWindow height="580" width="640" x="352" y="314">
<view id="stStatistic.volumeAtPrice:muvhwqyxxqid"/>
</hiddenWindow>
<hiddenWindow height="655" width="660" x="630" y="212">
<view id="net.sourceforge.eclipsetrader.webbrowser:arwmjweipakl"/>
</hiddenWindow>
<hiddenWindow height="559" width="1351" x="150" y="436">
<view id="stTrading.calls.callsView"/>
</hiddenWindow>
<hiddenWindow height="910" width="867" x="526" y="85">
<view id="stQuote.rentBook:hgwrutvtlzor"/>
</hiddenWindow>
<hiddenWindow height="910" width="867" x="526" y="85">
<view id="trydOpcoes.graficoPerformance"/>
</hiddenWindow>
<hiddenWindow height="580" width="640" x="640" y="250">
<view id="stStatistic.volumeAtPrice:kshjvjxclfha"/>
</hiddenWindow>
<hiddenWindow height="580" width="640" x="640" y="250">
<view id="stStatistic.volumeAtPrice:szsemthidbke"/>
</hiddenWindow>
<hiddenWindow height="736" width="843" x="383" y="267">
<view id="stStatistic.volumeAtPrice:pdgwgkuqidgh"/>
</hiddenWindow>
<hiddenWindow height="232" width="407" x="756" y="424">
<view id="stTrading.tradePadView:pmcjbjhkohqg"/>
</hiddenWindow>
<hiddenWindow height="566" width="452" x="827" y="228">
<view id="stTrading.dayTradeBookView:oifmgdptwmii"/>
</hiddenWindow>
<hiddenWindow height="445" width="560" x="680" y="355">
<view id="net.sourceforge.eclipsetrader.trading.trendbarsView:pnqfbojxsxjv"/>
</hiddenWindow>
<hiddenWindow height="370" width="560" x="680" y="355">
<view id="net.sourceforge.eclipsetrader.trading.trendbarsView:hksfuackebcp"/>
</hiddenWindow>
<hiddenWindow height="292" width="654" x="355" y="409">
<view id="stQuote.buyStop"/>
</hiddenWindow>
<hiddenWindow height="292" width="654" x="464" y="393">
<view id="stQuote.sellStop"/>
</hiddenWindow>
<hiddenWindow height="448" width="854" x="357" y="385">
<view id="stQuote.view.replay"/>
</hiddenWindow>
<hiddenWindow height="580" width="640" x="640" y="250">
<view id="stStatistic.volumeAtPrice:mlfzivwkoulz"/>
</hiddenWindow>
<hiddenWindow height="232" width="407" x="367" y="312">
<view id="stTrading.tradePadView:pdvntnquwzwg"/>
</hiddenWindow>
<hiddenWindow height="580" width="453" x="640" y="250">
<view id="stStatistic.volumeAtPrice:ygryadtxcxno"/>
</hiddenWindow>
<hiddenWindow height="580" width="640" x="640" y="250">
<view id="stStatistic.volumeAtPrice:czexkimtwvqx"/>
</hiddenWindow>
<hiddenWindow height="580" width="640" x="640" y="250">
<view id="stStatistic.volumeAtPrice:iralfgvzejzv"/>
</hiddenWindow>
<hiddenWindow height="788" width="867" x="249" y="-10">
<view id="net.sourceforge.eclipsetrader.patternSearch"/>
</hiddenWindow>
<hiddenWindow height="580" width="640" x="363" y="94">
<view id="stStatistic.volumeAtPrice:boollngfkktz"/>
</hiddenWindow>
<hiddenWindow height="370" width="560" x="403" y="199">
<view id="net.sourceforge.eclipsetrader.trading.trendbarsView:zzfkbuamskmr"/>
</hiddenWindow>
<hiddenWindow height="599" width="1352" x="7" y="84">
<view id="stQuote.brokerRanking"/>
</hiddenWindow>
<hiddenWindow height="569" width="674" x="346" y="99">
<view id="net.sourceforge.eclipsetrader.views.securities"/>
</hiddenWindow>
<hiddenWindow height="424" width="400" x="483" y="172">
<view id="stQuote.marketTotals"/>
</hiddenWindow>
<hiddenWindow height="380" width="743" x="7" y="84">
<view id="stQuote.marketIndicators"/>
</hiddenWindow>
<hiddenWindow height="599" width="1245" x="7" y="84">
<view id="stQuote.currenciesView"/>
</hiddenWindow>
<hiddenWindow height="227" width="407" x="479" y="270">
<view id="stTrading.tradePadView:btjerckojkmz"/>
</hiddenWindow>
<hiddenWindow height="575" width="867" x="200" y="62">
<view id="stQuote.Basket"/>
</hiddenWindow>
<hiddenWindow height="599" width="941" x="7" y="84">
<view id="net.sourceforge.eclipsetrader.newslist:226817"/>
</hiddenWindow>
<hiddenWindow height="599" width="1352" x="7" y="84">
<view id="stTrading.clubsAndfundsPositionView"/>
</hiddenWindow>
<hiddenWindow height="599" width="1125" x="234" y="84">
<view id="trydOpcoes.montagemEstrategia"/>
</hiddenWindow>
<hiddenWindow height="58" width="132" x="1115" y="666">
<view id="stQuote.clock"/>
</hiddenWindow>
<hiddenWindow height="530" width="692" x="337" y="119">
<view id="stQuote.tradeNeg:tonpntugbrbd"/>
</hiddenWindow>
<hiddenWindow height="179" width="637" x="364" y="256">
<view id="stQuote.simpleTrade:aeymhidnzvfl"/>
</hiddenWindow>
<hiddenWindow height="303" width="657" x="354" y="232">
<view id="stQuote.trade:ezfuycgozozu"/>
</hiddenWindow>
<hiddenWindow height="489" width="463" x="451" y="139">
<view id="net.sourceforge.eclipsetrader.chartObjectsVisibility"/>
</hiddenWindow>
<hiddenWindow height="386" width="357" x="552" y="191">
<view id="stTrading.dayTradeBookView:cemzjslxrcpo"/>
</hiddenWindow>
<hiddenWindow height="340" width="300" x="533" y="214">
<view id="stQuote.fastQuote:ayfgwgvhghbs"/>
</hiddenWindow>
<hiddenWindow height="605" width="1171" x="97" y="81">
<view id="stTrading.performanceReportView"/>
</hiddenWindow>
<hiddenWindow height="306" width="592" x="387" y="231">
<view id="stQuote.spreads"/>
</hiddenWindow>
<hiddenWindow height="560" width="711" x="327" y="104">
<view id="net.sourceforge.eclipsetrader.newslist"/>
</hiddenWindow>
<hiddenWindow height="677" width="953" x="206" y="45">
<view id="stQuote.report"/>
</hiddenWindow>
<hiddenWindow height="151" width="212" x="1088" y="486">
<view id="stQuote.balance"/>
</hiddenWindow>
<hiddenWindow height="575" width="605" x="380" y="96">
<view id="stQuote.securityRanking"/>
</hiddenWindow>
<hiddenWindow height="303" width="657" x="354" y="232">
<view id="stQuote.trade:eelsaiaczqhn"/>
</hiddenWindow>
<hiddenWindow height="649" width="735" x="541" y="59">
<view id="trydOpcoes.principal"/>
</hiddenWindow>
<hiddenWindow height="179" width="637" x="364" y="294">
<view id="stQuote.simpleTrade:hecuqojswkpv"/>
</hiddenWindow>
</layout>
</perspective>
</perspectives>
<workingSets/>
<navigationHistory/>
</page>
<workbenchWindowAdvisor/>
<actionBarAdvisor/>
<trimLayout>
<trimArea IMemento.internal.id="1024">
<trimItem IMemento.internal.id="stQuote.routerStatusTrim"/>
<trimItem IMemento.internal.id="org.eclipse.ui.internal.progress.ProgressRegion"/>
<trimItem IMemento.internal.id="net.sourceforge.eclipsetrader.core.selectedSecurity"/>
<trimItem IMemento.internal.id="net.sourceforge.eclipsetrader.core.trydAdvertisementTrim"/>
<trimItem IMemento.internal.id="stQuote.trydBlogTrim"/>
</trimArea>
</trimLayout>
</window>
</workbench>